Arts & Humanities;Architecture;Architecture;https://en.wikipedia.org/wiki/Architecture
Arts & Humanities;Art;Art;https://en.wikipedia.org/wiki/Art
Arts & Humanities;Arts & Humanities Other Topics;Humanities;https://en.wikipedia.org/wiki/Humanities
Arts & Humanities;Asian Studies;Asian Studies;https://en.wikipedia.org/wiki/Asian_studies
Arts & Humanities;Classics;Classics;https://en.wikipedia.org/wiki/Classics
Arts & Humanities;Dance;Dance;https://en.wikipedia.org/wiki/Dance
Arts & Humanities;Film, Radio & Television;Film;https://en.wikipedia.org/wiki/Film
Arts & Humanities;Film, Radio & Television;Radio;https://en.wikipedia.org/wiki/Radio
Arts & Humanities;Film, Radio & Television;Television;https://en.wikipedia.org/wiki/Television
Arts & Humanities;History;History;https://en.wikipedia.org/wiki/History
Arts & Humanities;History & Philosophy of Science;History and Philosophy of Science;https://en.wikipedia.org/wiki/History_and_philosophy_of_science
Arts & Humanities;Literature;Literature;https://en.wikipedia.org/wiki/Literature
Arts & Humanities;Music;Music;https://en.wikipedia.org/wiki/Music
Arts & Humanities;Philosophy;Philosophy;https://en.wikipedia.org/wiki/Philosophy
Arts & Humanities;Religion;Religion;https://en.wikipedia.org/wiki/Religion
Arts & Humanities;Theatre;Theatre;https://en.wikipedia.org/wiki/Theatre
Life Sciences & Biomedicine;Agriculture;Agriculture;https://en.wikipedia.org/wiki/Agriculture
Life Sciences & Biomedicine;Allergy;Allergy;https://en.wikipedia.org/wiki/Allergy
Life Sciences & Biomedicine;Anatomy & Morphology;Anatomy;https://en.wikipedia.org/wiki/Anatomy
Life Sciences & Biomedicine;Anatomy & Morphology;Morphology (biology);https://en.wikipedia.org/wiki/Morphology_(biology)
Life Sciences & Biomedicine;Anesthesiology;Anesthesiology;https://en.wikipedia.org/wiki/Anesthesiology
Life Sciences & Biomedicine;Anthropology;Anthropology;https://en.wikipedia.org/wiki/Anthropology
Life Sciences & Biomedicine;Audiology & Speech-Language Pathology;Audiology;https://en.wikipedia.org/wiki/Audiology
Life Sciences & Biomedicine;Audiology & Speech-Language Pathology;Speech-language pathology;https://en.wikipedia.org/wiki/Speech-language_pathology
Life Sciences & Biomedicine;Behavioral Sciences;Behavioural sciences;https://en.wikipedia.org/wiki/Behavioural_sciences
Life Sciences & Biomedicine;Biochemistry & Molecular Biology;Biochemistry;https://en.wikipedia.org/wiki/Biochemistry
Life Sciences & Biomedicine;Biochemistry & Molecular Biology;Molecular biology;https://en.wikipedia.org/wiki/Molecular_biology
Life Sciences & Biomedicine;Biodiversity & Conservation;Biodiversity;https://en.wikipedia.org/wiki/Biodiversity
Life Sciences & Biomedicine;Biodiversity & Conservation;Conservation biology;https://en.wikipedia.org/wiki/Conservation_biology
Life Sciences & Biomedicine;Biophysics;Biophysics;https://en.wikipedia.org/wiki/Biophysics
Life Sciences & Biomedicine;Biotechnology & Applied Microbiology;Biotechnology;https://en.wikipedia.org/wiki/Biotechnology
Life Sciences & Biomedicine;Biotechnology & Applied Microbiology;Microbiology;https://en.wikipedia.org/wiki/Microbiology
Life Sciences & Biomedicine;Cardiovascular System & Cardiology;Cardiovascular physiology;https://en.wikipedia.org/wiki/Cardiovascular_physiology
Life Sciences & Biomedicine;Cardiovascular System & Cardiology;Cardiology;https://en.wikipedia.org/wiki/Cardiology
Life Sciences & Biomedicine;Cell Biology;Cell Biology;https://en.wikipedia.org/wiki/Cell_biology
Life Sciences & Biomedicine;Critical Care Medicine;Intensive care medicine;https://en.wikipedia.org/wiki/Intensive_care_medicine
Life Sciences & Biomedicine;Dentistry, Oral Surgery & Medicine;Dentistry;https://en.wikipedia.org/wiki/Dentistry
Life Sciences & Biomedicine;Dentistry, Oral Surgery & Medicine;Oral medicine;https://en.wikipedia.org/wiki/Oral_medicine
Life Sciences & Biomedicine;Dentistry, Oral Surgery & Medicine;Dental surgery;https://en.wikipedia.org/wiki/Dental_surgery
Life Sciences & Biomedicine;Dermatology;Dermatology;https://en.wikipedia.org/wiki/Dermatology
Life Sciences & Biomedicine;Developmental Biology;Developmental biology;https://en.wikipedia.org/wiki/Developmental_biology
Life Sciences & Biomedicine;Emergency Medicine;Emergency medicine;https://en.wikipedia.org/wiki/Emergency_medicine
Life Sciences & Biomedicine;Endocrinology & Metabolism;Endocrinology;https://en.wikipedia.org/wiki/Endocrinology
Life Sciences & Biomedicine;Endocrinology & Metabolism;Metabolism;https://en.wikipedia.org/wiki/Metabolism
Life Sciences & Biomedicine;Entomology;Entomology;https://en.wikipedia.org/wiki/Entomology
Life Sciences & Biomedicine;Environmental Sciences & Ecology;Environmental science;https://en.wikipedia.org/wiki/Environmental_science
Life Sciences & Biomedicine;Environmental Sciences & Ecology;Ecology;https://en.wikipedia.org/wiki/Ecology
Life Sciences & Biomedicine;Evolutionary Biology;Evolutionary biology;https://en.wikipedia.org/wiki/Evolutionary_biology
Life Sciences & Biomedicine;Fisheries;Fishery;https://en.wikipedia.org/wiki/Fishery
Life Sciences & Biomedicine;Food Science & Technology;Food science;https://en.wikipedia.org/wiki/Food_science
Life Sciences & Biomedicine;Food Science & Technology;Food technology;https://en.wikipedia.org/wiki/Food_technology
Life Sciences & Biomedicine;Forestry;Forestry;https://en.wikipedia.org/wiki/Forestry
Life Sciences & Biomedicine;Gastroenterology & Hepatology;Gastroenterology;https://en.wikipedia.org/wiki/Gastroenterology
Life Sciences & Biomedicine;Gastroenterology & Hepatology;Hepatology;https://en.wikipedia.org/wiki/Hepatology
Life Sciences & Biomedicine;General & Internal Medicine;Internal medicine;https://en.wikipedia.org/wiki/Internal_medicine
Life Sciences & Biomedicine;Genetics & Heredity;Genetics;https://en.wikipedia.org/wiki/Genetics
Life Sciences & Biomedicine;Genetics & Heredity;Heredity;https://en.wikipedia.org/wiki/Heredity
Life Sciences & Biomedicine;Geriatrics & Gerontology;Geriatrics;https://en.wikipedia.org/wiki/Geriatrics
Life Sciences & Biomedicine;Geriatrics & Gerontology;Gerontology;https://en.wikipedia.org/wiki/Gerontology
Life Sciences & Biomedicine;Health Care Sciences & Services;Health care;https://en.wikipedia.org/wiki/Health_care
Life Sciences & Biomedicine;Hematology;Hematology;https://en.wikipedia.org/wiki/Hematology
Life Sciences & Biomedicine;Immunology;Immunology;https://en.wikipedia.org/wiki/Immunology
Life Sciences & Biomedicine;Infectious Diseases;Infection;https://en.wikipedia.org/wiki/Infection
Life Sciences & Biomedicine;Infectious Diseases;Infectious disease (medical specialty);https://en.wikipedia.org/wiki/Infectious_disease_(medical_specialty)
Life Sciences & Biomedicine;Integrative & Complementary Medicine;Alternative medicine;https://en.wikipedia.org/wiki/Alternative_medicine
Life Sciences & Biomedicine;Legal Medicine;Medical jurisprudence;https://en.wikipedia.org/wiki/Medical_jurisprudence
Life Sciences & Biomedicine;Life Sciences Biomedicine Other Topics;List of life sciences;https://en.wikipedia.org/wiki/List_of_life_sciences
Life Sciences & Biomedicine;Life Sciences Biomedicine Other Topics;Biomedicine;https://en.wikipedia.org/wiki/Biomedicine
Life Sciences & Biomedicine;Marine & Freshwater Biology;Marine biology;https://en.wikipedia.org/wiki/Marine_biology
Life Sciences & Biomedicine;Marine & Freshwater Biology;Freshwater biology;https://en.wikipedia.org/wiki/Freshwater_biology
Life Sciences & Biomedicine;Mathematical & Computational Biology;Mathematical and theoretical biology;https://en.wikipedia.org/wiki/Mathematical_and_theoretical_biology
Life Sciences & Biomedicine;Mathematical & Computational Biology;Computational biology;https://en.wikipedia.org/wiki/Computational_biology
Life Sciences & Biomedicine;Medical Ethics;Medical ethics;https://en.wikipedia.org/wiki/Medical_ethics
Life Sciences & Biomedicine;Medical Informatics;Health informatics;https://en.wikipedia.org/wiki/Health_informatics
Life Sciences & Biomedicine;Medical Laboratory Technology;Medical laboratory;https://en.wikipedia.org/wiki/Medical_laboratory
Life Sciences & Biomedicine;Microbiology;Microbiology;https://en.wikipedia.org/wiki/Microbiology
Life Sciences & Biomedicine;Mycology;Mycology;https://en.wikipedia.org/wiki/Mycology
Life Sciences & Biomedicine;Neurosciences & Neurology;Neuroscience;https://en.wikipedia.org/wiki/Neuroscience
Life Sciences & Biomedicine;Neurosciences & Neurology;Neurology;https://en.wikipedia.org/wiki/Neurology
Life Sciences & Biomedicine;Nursing;Nursing;https://en.wikipedia.org/wiki/Nursing
Life Sciences & Biomedicine;Nutrition & Dietetics;Nutrition;https://en.wikipedia.org/wiki/Nutrition
Life Sciences & Biomedicine;Nutrition & Dietetics;Dietitian;https://en.wikipedia.org/wiki/Dietitian
Life Sciences & Biomedicine;Obstetrics & Gynecology;Obstetrics and gynaecology;https://en.wikipedia.org/wiki/Obstetrics_and_gynaecology
Life Sciences & Biomedicine;Oncology;Oncology;https://en.wikipedia.org/wiki/Oncology
Life Sciences & Biomedicine;Ophthalmology;Ophthalmology;https://en.wikipedia.org/wiki/Ophthalmology
Life Sciences & Biomedicine;Orthopedics;Orthopedic surgery;https://en.wikipedia.org/wiki/Orthopedic_surgery
Life Sciences & Biomedicine;Otorhinolaryngology;Otorhinolaryngology;https://en.wikipedia.org/wiki/Otorhinolaryngology
Life Sciences & Biomedicine;Paleontology;Paleontology;https://en.wikipedia.org/wiki/Paleontology
Life Sciences & Biomedicine;Parasitology;Parasitology;https://en.wikipedia.org/wiki/Parasitology
Life Sciences & Biomedicine;Pathology;Pathology;https://en.wikipedia.org/wiki/Pathology
Life Sciences & Biomedicine;Pediatrics;Pediatrics;https://en.wikipedia.org/wiki/Pediatrics
Life Sciences & Biomedicine;Pharmacology & Pharmacy;Pharmacology;https://en.wikipedia.org/wiki/Pharmacology
Life Sciences & Biomedicine;Pharmacology & Pharmacy;Pharmacy;https://de.wikipedia.org/wiki/Pharmacy
Life Sciences & Biomedicine;Physiology;Physiology;https://en.wikipedia.org/wiki/Physiology
Life Sciences & Biomedicine;Plant Sciences;Botany;https://en.wikipedia.org/wiki/Botany
Life Sciences & Biomedicine;Psychiatry;Psychiatry;https://en.wikipedia.org/wiki/Psychiatry
Life Sciences & Biomedicine;Public, Environmental & Occupational Health;Public health;https://en.wikipedia.org/wiki/Public_health
Life Sciences & Biomedicine;Public, Environmental & Occupational Health;Environmental health;https://en.wikipedia.org/wiki/Environmental_health
Life Sciences & Biomedicine;Public, Environmental & Occupational Health;Occupational safety and health;https://en.wikipedia.org/wiki/Occupational_safety_and_health
Life Sciences & Biomedicine;Radiology, Nuclear Medicine & Medical Imaging;Radiology;https://en.wikipedia.org/wiki/Radiology
Life Sciences & Biomedicine;Radiology, Nuclear Medicine & Medical Imaging;Nuclear medicine;https://en.wikipedia.org/wiki/Nuclear_medicine
Life Sciences & Biomedicine;Radiology, Nuclear Medicine & Medical Imaging;Medical imaging;https://en.wikipedia.org/wiki/Medical_imaging
Life Sciences & Biomedicine;Rehabilitation;Rehabilitation (neuropsychology);https://en.wikipedia.org/wiki/Rehabilitation_(neuropsychology)
Life Sciences & Biomedicine;Rehabilitation;Rehabilitation hospital;https://en.wikipedia.org/wiki/Rehabilitation_hospital
Life Sciences & Biomedicine;Reproductive Biology;Reproductive biology;https://en.wikipedia.org/wiki/Reproductive_biology
Life Sciences & Biomedicine;Research & Experimental Medicine;Medical research;https://en.wikipedia.org/wiki/Medical_research
Life Sciences & Biomedicine;Research & Experimental Medicine;Experimental drug;https://en.wikipedia.org/wiki/Experimental_drug
Life Sciences & Biomedicine;Respiratory System;Respiratory system;https://en.wikipedia.org/wiki/Respiratory_system
Life Sciences & Biomedicine;Rheumatology;Rheumatology;https://en.wikipedia.org/wiki/Rheumatology
Life Sciences & Biomedicine;Sport Sciences;Sports science;https://en.wikipedia.org/wiki/Sports_science
Life Sciences & Biomedicine;Substance Abuse;Substance abuse;https://en.wikipedia.org/wiki/Substance_abuse
Life Sciences & Biomedicine;Surgery;Surgery;https://en.wikipedia.org/wiki/Surgery
Life Sciences & Biomedicine;Toxicology;Toxicology;https://en.wikipedia.org/wiki/Toxicology
Life Sciences & Biomedicine;Transplantation;Organ transplantation;https://en.wikipedia.org/wiki/Organ_transplantation
Life Sciences & Biomedicine;Tropical Medicine;Tropical medicine;https://en.wikipedia.org/wiki/Tropical_medicine
Life Sciences & Biomedicine;Urology & Nephrology;Urology;https://en.wikipedia.org/wiki/Urology
Life Sciences & Biomedicine;Urology & Nephrology;Nephrology;https://en.wikipedia.org/wiki/Nephrology
Life Sciences & Biomedicine;Veterinary Sciences;Veterinary medicine;https://en.wikipedia.org/wiki/Veterinary_medicine
Life Sciences & Biomedicine;Virology;Virology;https://en.wikipedia.org/wiki/Virology
Life Sciences & Biomedicine;Zoology;Zoology;https://en.wikipedia.org/wiki/Zoology
Physical Sciences;Astronomy & Astrophysics;Astronomy;https://en.wikipedia.org/wiki/Astronomy
Physical Sciences;Astronomy & Astrophysics;Astrophysics;https://en.wikipedia.org/wiki/Astrophysics
Physical Sciences;Chemistry;Chemistry;https://en.wikipedia.org/wiki/Chemistry
Physical Sciences;Crystallography;Crystallography;https://en.wikipedia.org/wiki/Crystallography
Physical Sciences;Electrochemistry;Electrochemistry;https://en.wikipedia.org/wiki/Electrochemistry
Physical Sciences;Geochemistry & Geophysics;Geochemistry;https://en.wikipedia.org/wiki/Geochemistry
Physical Sciences;Geochemistry & Geophysics;Geophysics;https://en.wikipedia.org/wiki/Geophysics
Physical Sciences;Geology;Geology;https://en.wikipedia.org/wiki/Geology
Physical Sciences;Mathematics;Mathematics;https://en.wikipedia.org/wiki/Mathematics
Physical Sciences;Meteorology & Atmospheric Sciences;Meteorology;https://en.wikipedia.org/wiki/Meteorology
Physical Sciences;Meteorology & Atmospheric Sciences;Atmospheric science;https://en.wikipedia.org/wiki/Atmospheric_science
Physical Sciences;Mineralogy;Mineralogy;https://en.wikipedia.org/wiki/Mineralogy
Physical Sciences;Mining & Mineral Processing;Mining;https://en.wikipedia.org/wiki/Mining
Physical Sciences;Mining & Mineral Processing;Mineral processing;https://en.wikipedia.org/wiki/Mineral_processing
Physical Sciences;Oceanography;Oceanography;https://en.wikipedia.org/wiki/Oceanography
Physical Sciences;Optics;Optics;https://en.wikipedia.org/wiki/Optics
Physical Sciences;Physical Geography;Physical geography;https://en.wikipedia.org/wiki/Physical_geography
Physical Sciences;Physics;Physics;https://en.wikipedia.org/wiki/Physics
Physical Sciences;Polymer Science;Polymer science;https://en.wikipedia.org/wiki/Polymer_science
Physical Sciences;Thermodynamics;Thermodynamics;https://en.wikipedia.org/wiki/Thermodynamics
Physical Sciences;Water Resources;Water resources;https://en.wikipedia.org/wiki/Water_resources
Social Sciences;Archaeology;Archaeology;https://en.wikipedia.org/wiki/Archaeology
Social Sciences;Area Studies;Area studies;https://en.wikipedia.org/wiki/Area_studies
Social Sciences;Biomedical Social Sciences;Social Science & Medicine;https://en.wikipedia.org/wiki/Social_Science_%26_Medicine
Social Sciences;Business & Economics;Business economics;https://en.wikipedia.org/wiki/Business_economics
Social Sciences;Business & Economics;Business;https://en.wikipedia.org/wiki/Business
Social Sciences;Business & Economics;Economics;https://en.wikipedia.org/wiki/Economics
Social Sciences;Communication;Communication;https://en.wikipedia.org/wiki/Communication
Social Sciences;Criminology & Penology;Criminology;https://en.wikipedia.org/wiki/Criminology
Social Sciences;Criminology & Penology;Penology;https://en.wikipedia.org/wiki/Penology
Social Sciences;Cultural Studies;Cultural studies;https://en.wikipedia.org/wiki/Cultural_studies
Social Sciences;Demography;Demography;https://en.wikipedia.org/wiki/Demography
Social Sciences;Development Studies;Development studies;https://en.wikipedia.org/wiki/Development_studies
Social Sciences;Education & Educational Research;Education;https://en.wikipedia.org/wiki/Education
Social Sciences;Education & Educational Research;Educational research;https://en.wikipedia.org/wiki/Educational_research
Social Sciences;Ethnic Studies;Ethnic studies;https://en.wikipedia.org/wiki/Ethnic_studies
Social Sciences;Family Studies;Family study;https://en.wikipedia.org/wiki/Family_study
Social Sciences;Geography;Geography;https://en.wikipedia.org/wiki/Geography
Social Sciences;Government & Law;Government;https://en.wikipedia.org/wiki/Government
Social Sciences;Government & Law;Law;https://en.wikipedia.org/wiki/Law
Social Sciences;International Relations;International relations;https://en.wikipedia.org/wiki/International_relations
Social Sciences;Linguistics;Linguistics;https://en.wikipedia.org/wiki/Linguistics
Social Sciences;Mathematical Methods In Social Sciences;Mathematical Social Sciences;https://en.wikipedia.org/wiki/Mathematical_Social_Sciences
Social Sciences;Psychology;Psychology;https://en.wikipedia.org/wiki/Psychology
Social Sciences;Public Administration;Public administration;https://en.wikipedia.org/wiki/Public_administration
Social Sciences;Social Issues;Social issue;https://en.wikipedia.org/wiki/Social_issue
Social Sciences;Social Sciences Other Topics;Social science;https://en.wikipedia.org/wiki/Social_science
Social Sciences;Social Work;Social work;https://en.wikipedia.org/wiki/Social_work
Social Sciences;Sociology;Sociology;https://en.wikipedia.org/wiki/Sociology
Social Sciences;Urban Studies;Urban studies;https://en.wikipedia.org/wiki/Urban_studies
Social Sciences;Women's Studies;Women's studies;https://en.wikipedia.org/wiki/Women%27s_studies
Technology;Acoustics;Acoustics;https://en.wikipedia.org/wiki/Acoustics
Technology;Automation & Control Systems;Automation;https://en.wikipedia.org/wiki/Automation
Technology;Automation & Control Systems;Control system;https://en.wikipedia.org/wiki/Control_system
Technology;Computer Science;Computer science;https://en.wikipedia.org/wiki/Computer_science
Technology;Construction & Building Technology;Construction;https://en.wikipedia.org/wiki/Construction
Technology;Construction & Building Technology;Architectural technology;https://en.wikipedia.org/wiki/Architectural_technology
Technology;Energy & Fuels;Energy;https://en.wikipedia.org/wiki/Energy
Technology;Energy & Fuels;Fuel;https://en.wikipedia.org/wiki/Fuel
Technology;Engineering;Engineering;https://en.wikipedia.org/wiki/Engineering
Technology;Imaging Science & Photographic Technology;Imaging science;https://en.wikipedia.org/wiki/Imaging_science
Technology;Imaging Science & Photographic Technology;Timeline of photography technology;https://en.wikipedia.org/wiki/Timeline_of_photography_technology
Technology;Imaging Science & Photographic Technology;Photography;https://en.wikipedia.org/wiki/Photography
Technology;Information Science & Library Science;Library and information science;https://en.wikipedia.org/wiki/Library_and_information_science
Technology;Instruments & Instrumentation;Instrument;https://en.wikipedia.org/wiki/Instrument
Technology;Instruments & Instrumentation;Instrumentation;https://en.wikipedia.org/wiki/Instrumentation
Technology;Materials Science;Materials science;https://en.wikipedia.org/wiki/Materials_science
Technology;Mechanics;Mechanics;https://en.wikipedia.org/wiki/Mechanics
Technology;Metallurgy & Metallurgical Engineering;Metallurgy;https://en.wikipedia.org/wiki/Metallurgy
Technology;Microscopy;Microscopy;https://en.wikipedia.org/wiki/Microscopy
Technology;Nuclear Science & Technology;Nuclear technology;https://en.wikipedia.org/wiki/Nuclear_technology
Technology;Nuclear Science & Technology;Nuclear physics;https://en.wikipedia.org/wiki/Nuclear_physics
Technology;Operations Research & Management Science;Operations research;https://en.wikipedia.org/wiki/Operations_research
Technology;Operations Research & Management Science;Management science;https://en.wikipedia.org/wiki/Management_science
Technology;Remote Sensing;Remote sensing;https://en.wikipedia.org/wiki/Remote_sensing
Technology;Robotics;Robotics;https://en.wikipedia.org/wiki/Robotics
Technology;Science & Technology Other Topics;Science and Science_and_technologytechnology;https://en.wikipedia.org/wiki/Science_and_technology
Technology;Science & Technology Other Topics;Science;https://en.wikipedia.org/wiki/Science
Technology;Science & Technology Other Topics;Technology;https://en.wikipedia.org/wiki/Technology
Technology;Spectroscopy;Spectroscopy;https://en.wikipedia.org/wiki/Spectroscopy
Technology;Telecommunication;Telecommunication;https://en.wikipedia.org/wiki/Telecommunication
Technology;Transportation;Transport;https://en.wikipedia.org/wiki/Transport
Technology;Transportation;Transportation theory (mathematics);https://en.wikipedia.org/wiki/Transportation_theory_(mathematics)
